source,variant,rebalance_date,holding_days,top_k,min_probability,available_count,selected_count,selected_symbols,selected_names,avg_probability,gross_return,turnover,transaction_cost,net_return,benchmark_return,excess_return,cumulative_return,benchmark_cumulative_return,excess_cumulative_return
walk_forward,lightgbm_financial,2022-01-04,5,5,0.0,8,5,"000661,603259,688185,300122,300760","长春高新,药明康德,康希诺,智飞生物,迈瑞医疗",0.7733921190779615,0.0031454252712447,1.0,0.001,0.0021454252712447,0.0195275084117261,-0.0173820831404813,0.0021454252712447,0.0195275084117261,-0.0170491556108771
walk_forward,lightgbm_financial,2022-01-11,5,5,0.0,8,5,"000661,300760,300122,603259,688185","长春高新,迈瑞医疗,智飞生物,药明康德,康希诺",0.8720535349450204,-0.0095336711471939,0.0,0.0,-0.0095336711471939,-0.0350788264562724,0.0255451553090784,-0.0074086996549561,-0.0162363201232447,0.0089733140680641
walk_forward,lightgbm_financial,2022-01-18,5,5,0.0,8,5,"300122,000661,688185,603259,300760","智飞生物,长春高新,康希诺,药明康德,迈瑞医疗",0.7465990537084811,-0.1138511851999799,0.0,0.0,-0.1138511851999799,-0.1069224425855156,-0.0069287426144643,-0.1204163956184286,-0.1214227357025826,0.001145420129849
walk_forward,lightgbm_financial,2022-01-25,5,5,0.0,8,5,"000661,300122,300760,688185,600276","长春高新,智飞生物,迈瑞医疗,康希诺,恒瑞医药",0.9872057292415454,-0.0040332143010644,0.4,0.0004,-0.0044332143010644,-0.0175618818129876,0.0131286675119231,-0.1243157782323548,-0.1368522057817519,0.0145240799239385
walk_forward,lightgbm_financial,2022-02-08,5,5,0.0,8,5,"600276,300760,688185,000661,300122","恒瑞医药,迈瑞医疗,康希诺,长春高新,智飞生物",0.9797222932190858,0.0173058234423526,0.0,0.0,0.0173058234423526,0.0087782210726839,0.0085276023696686,-0.10916134169919,-0.1292753036257047,0.023100254317202
walk_forward,lightgbm_financial,2022-02-15,5,5,0.0,8,5,"688185,300760,000661,603259,600276","康希诺,迈瑞医疗,长春高新,药明康德,恒瑞医药",0.9549749882814008,0.0177366037015658,0.4,0.0004,0.0173366037015658,0.0024768906814964,0.0148597130200694,-0.0937172249181942,-0.1271186137391063,0.0382656674167283
walk_forward,lightgbm_financial,2022-02-22,5,5,0.0,8,5,"300760,688185,603259,300122,000661","迈瑞医疗,康希诺,药明康德,智飞生物,长春高新",0.967653366166224,0.0276821507758653,0.4,0.0004,0.0272821507758653,0.0155919791795839,0.0116901715962813,-0.0689918816028427,-0.11350866533828,0.0502168289692586
walk_forward,lightgbm_financial,2022-03-01,5,5,0.0,8,5,"688185,300760,000661,300122,603259","康希诺,迈瑞医疗,长春高新,智飞生物,药明康德",0.8956304305974854,-0.093942899013294,0.0,0.0,-0.093942899013294,-0.0996398291515697,0.0056969301382756,-0.1564534832499838,-0.2018385104683209,0.0568619606603253
walk_forward,lightgbm_financial,2022-03-08,5,5,0.0,8,5,"000661,688185,300760,603259,000538","长春高新,康希诺,迈瑞医疗,药明康德,云南白药",0.7236788094120319,-0.0102294902605876,0.4,0.0004,-0.0106294902605876,0.0128186585030395,-0.0234481487636271,-0.1654199527341308,-0.1916071509037368,0.0323941487098529
walk_forward,lightgbm_financial,2022-03-15,5,5,0.0,8,5,"300760,000538,000661,688185,603259","迈瑞医疗,云南白药,长春高新,康希诺,药明康德",0.8192930633755864,0.0618324273871874,0.0,0.0,0.0618324273871874,0.0798947637124337,-0.0180623363252462,-0.1138158425627684,-0.1270207952383698,0.0151263083972394
walk_forward,lightgbm_financial,2022-03-22,5,5,0.0,8,5,"000661,300760,688185,300122,603259","长春高新,迈瑞医疗,康希诺,智飞生物,药明康德",0.8588126274797234,-0.0057921505694468,0.4,0.0004,-0.0061921505694468,-0.0124636237690154,0.0062714731995686,-0.1193032282978782,-0.1379012796046932,0.0215729949097791
walk_forward,lightgbm_financial,2022-03-29,5,5,0.0,8,5,"300760,000661,603259,688185,300142","迈瑞医疗,长春高新,药明康德,康希诺,沃森生物",0.8088470122106509,-0.0118864306148336,0.4,0.0004,-0.0122864306148336,-0.0181622775128477,0.005875846898014,-0.1301238480761043,-0.1535589558079837,0.0276866391258823
walk_forward,lightgbm_financial,2022-04-07,5,5,0.0,8,5,"300760,688185,300142,603259,000661","迈瑞医疗,康希诺,沃森生物,药明康德,长春高新",0.7444553798716519,-0.0368321182617727,0.0,0.0,-0.0368321182617727,-0.0443540732624384,0.0075219550006656,-0.1621632293768611,-0.1911020638944113,0.0357756315424355
walk_forward,lightgbm_financial,2022-04-14,5,5,0.0,8,5,"688185,000661,300142,603259,300760","康希诺,长春高新,沃森生物,药明康德,迈瑞医疗",0.6634523160606205,-0.0500011743771702,0.0,0.0,-0.0500011743771702,-0.0556226472633584,0.0056214728861881,-0.2040560518443939,-0.236095108466471,0.0419411591379643
walk_forward,lightgbm_financial,2022-04-21,5,5,0.0,8,5,"688185,000661,000538,300122,300760","康希诺,长春高新,云南白药,智飞生物,迈瑞医疗",0.9787853525268272,-0.0231458700902793,0.8,0.0008,-0.0239458700902793,-0.0378311241899071,0.0138852540996277,-0.223115622226072,-0.2649944892873535,0.0569776232298946
walk_forward,lightgbm_financial,2022-04-28,5,5,0.0,8,5,"688185,300122,600276,300760,603259","康希诺,智飞生物,恒瑞医药,迈瑞医疗,药明康德",0.9717678327537806,-0.0034601148470133,0.8,0.0008,-0.0042601148470133,0.0074915419318647,-0.011751656778878,-0.2264252388982394,-0.259488164683698,0.0446487472699692
walk_forward,lightgbm_financial,2022-05-10,5,5,0.0,8,5,"000661,688185,300760,000538,300142","长春高新,康希诺,迈瑞医疗,云南白药,沃森生物",0.9645891091872324,0.0033168768691678,1.2,0.0012,0.0021168768691678,-0.0005218159844463,0.0026386928536142,-0.2247876763798909,-0.2598745755960377,0.0474066935944039
walk_forward,lightgbm_financial,2022-05-17,5,5,0.0,8,5,"688185,000661,300760,600276,300122","康希诺,长春高新,迈瑞医疗,恒瑞医药,智飞生物",0.8779632775588798,-0.0124888562247023,0.8,0.0008,-0.0132888562247023,-0.0254298344839746,0.0121409782592722,-0.235089361492096,-0.278695842636012,0.0604550531127898
walk_forward,lightgbm_financial,2022-05-24,5,5,0.0,8,5,"300760,603259,688185,300122,000538","迈瑞医疗,药明康德,康希诺,智飞生物,云南白药",0.8225386168584071,0.0447145777314834,0.8,0.0008,0.0439145777314834,0.0423170030736736,0.0015975746578097,-0.201498633799702,-0.2481724123917864,0.0620804282276572
walk_forward,lightgbm_financial,2022-05-31,5,5,0.0,8,5,"000538,300142,300760,000661,600276","云南白药,沃森生物,迈瑞医疗,长春高新,恒瑞医药",0.8017541541161874,0.0341851596233149,1.2,0.0012,0.0329851596233149,0.0538625800867246,-0.0208774204634096,-0.17515993877615,-0.2076770387428301,0.0410402090519825
walk_forward,lightgbm_financial,2022-06-08,5,5,0.0,8,5,"300760,000538,300142,000661,600276","迈瑞医疗,云南白药,沃森生物,长春高新,恒瑞医药",0.6516728915304609,0.0053300997839123,0.0,0.0,0.0053300997839123,-0.0097668914608487,0.015096991244761,-0.1707634589440585,-0.2154155711073672,0.0569118000803698
walk_forward,lightgbm_financial,2022-06-15,5,5,0.0,8,5,"300760,300142,603259,600276,300122","迈瑞医疗,沃森生物,药明康德,恒瑞医药,智飞生物",0.8509251249580242,0.0266368831793594,0.8,0.0008,0.0258368831793594,0.0347844574901981,-0.0089475743108386,-0.1493385713047401,-0.1881242273930801,0.047772895062258
walk_forward,lightgbm_financial,2022-06-22,5,5,0.0,8,5,"300760,000538,600276,300142,688185","迈瑞医疗,云南白药,恒瑞医药,沃森生物,康希诺",0.8182683009824823,0.0374979231177948,0.8,0.0008,0.0366979231177948,0.0588906732593898,-0.0221927501415949,-0.118121063595208,-0.1403123165412713,0.0258131567696568
walk_forward,lightgbm_financial,2022-06-29,5,5,0.0,8,5,"300760,300142,603259,000538,300122","迈瑞医疗,沃森生物,药明康德,云南白药,智飞生物",0.5993587578560705,0.0537840708076326,0.8,0.0008,0.0529840708076326,0.0364598855418879,0.0165241852657447,-0.0713955275849768,-0.1089682020005953,0.0421676022112553
walk_forward,lightgbm_financial,2022-07-06,5,5,0.0,8,5,"603259,300142,000661,600276,000538","药明康德,沃森生物,长春高新,恒瑞医药,云南白药",0.652438166280515,-0.0639123597940534,0.8,0.0008,-0.0647123597940534,-0.0603858175089171,-0.0043265422851362,-0.1314877143102649,-0.1627738855492296,0.0373688430149945
walk_forward,lightgbm_financial,2022-07-13,5,5,0.0,8,5,"000538,688185,300142,603259,600276","云南白药,康希诺,沃森生物,药明康德,恒瑞医药",0.6887117341242625,-0.0004140366886807,0.4,0.0004,-0.0008140366886807,-0.0122099595944746,0.0113959229057938,-0.1321947151753864,-0.1729963825781125,0.0493367459865796
walk_forward,lightgbm_financial,2022-07-20,5,5,0.0,8,5,"688185,000661,000538,300760,603259","康希诺,长春高新,云南白药,迈瑞医疗,药明康德",0.8206752006509925,-0.0277313442239088,0.8,0.0008,-0.0285313442239088,-0.0317201543898309,0.003188810165922,-0.1569543664760447,-0.1992290650036834,0.0527924986785803
walk_forward,lightgbm_financial,2022-07-27,5,5,0.0,8,5,"688185,300142,000661,603259,300760","康希诺,沃森生物,长春高新,药明康德,迈瑞医疗",0.9502461196554526,-0.036023860560944,0.4,0.0004,-0.036423860560944,-0.046218890366943,0.009795029805999,-0.187661343078034,-0.2362398090573126,0.0636043440799389
walk_forward,lightgbm_financial,2022-08-03,5,5,0.0,8,5,"300760,603259,000538,688185,300142","迈瑞医疗,药明康德,云南白药,康希诺,沃森生物",0.9747206397830672,0.0322657502099172,0.4,0.0004,0.0318657502099172,0.0320574549081209,-0.0001917046982037,-0.161775562350699,-0.2117556011755496,0.0634067795462782
walk_forward,lightgbm_financial,2022-08-10,5,5,0.0,8,5,"300760,603259,000538,688185,300142","迈瑞医疗,药明康德,云南白药,康希诺,沃森生物",0.8904888003327643,0.0037058336132686,0.0,0.0,0.0037058336132686,0.010769737484629,-0.0070639038713604,-0.1586692420541949,-0.2032664159264808,0.0559750144386665
walk_forward,lightgbm_financial,2022-08-17,5,5,0.0,8,5,"688185,300760,000538,300142,603259","康希诺,迈瑞医疗,云南白药,沃森生物,药明康德",0.7368979253542216,-0.0374714557156278,0.0,0.0,-0.0374714557156278,-0.0634323888630138,0.025960933147386,-0.1901951302927569,-0.2538051304516552,0.0852458288776496
walk_forward,lightgbm_financial,2022-08-24,5,5,0.0,8,5,"688185,603259,000538,300760,000661","康希诺,药明康德,云南白药,迈瑞医疗,长春高新",0.7861576803551695,-0.0351428129760235,0.4,0.0004,-0.0355428129760235,-0.0119023760924806,-0.0236404368835429,-0.2189778733238345,-0.2626866224272991,0.0592811014054261
walk_forward,lightgbm_financial,2022-08-31,5,5,0.0,8,5,"688185,300760,000661,603259,300142","康希诺,迈瑞医疗,长春高新,药明康德,沃森生物",0.7887461155598984,-0.0176645477491597,0.4,0.0004,-0.0180645477491597,-0.0230734518439083,0.0050089040947485,-0.2330866848243263,-0.2796989871385922,0.0647122542964331
walk_forward,lightgbm_financial,2022-09-07,5,5,0.0,8,5,"000661,300760,000538,600276,603259","长春高新,迈瑞医疗,云南白药,恒瑞医药,药明康德",0.8637979969142762,0.0117043952424017,0.8,0.0008,0.0109043952424017,-0.0038773590185817,0.0147817542609835,-0.2247239589189902,-0.2824918527669039,0.0805118298247653
walk_forward,lightgbm_financial,2022-09-15,5,5,0.0,8,5,"688185,300760,000661,000538,603259","康希诺,迈瑞医疗,长春高新,云南白药,药明康德",0.8638105609417212,-0.0920812158635377,0.4,0.0004,-0.0924812158635377,-0.0861438705737463,-0.0063373452897913,-0.296422429828032,-0.3443007817377602,0.0730187722910777
walk_forward,lightgbm_financial,2022-09-22,5,5,0.0,8,5,"603259,688185,300142,000538,000661","药明康德,康希诺,沃森生物,云南白药,长春高新",0.9921917160526124,0.0256296648614167,0.4,0.0004,0.0252296648614167,0.0520353663149136,-0.0268057014534968,-0.2786714035285833,-0.3101812327230822,0.0456784168382151
walk_forward,lightgbm_financial,2022-09-29,5,5,0.0,8,5,"688185,300142,300760,000538,000661","康希诺,沃森生物,迈瑞医疗,云南白药,长春高新",0.8390310061566808,0.0180750866595988,0.4,0.0004,0.0176750866595988,0.0083734778998268,0.009301608759772,-0.2659218580759042,-0.3044050505204031,0.0553241401095419
walk_forward,lightgbm_financial,2022-10-13,5,5,0.0,8,5,"300760,688185,000538,000661,603259","迈瑞医疗,康希诺,云南白药,长春高新,药明康德",0.8492631920440209,0.0915326635980269,0.4,0.0004,0.0911326635980269,0.0903190530871061,0.0008136105109207,-0.1990233617132708,-0.2415795733512326,0.0561116369531407
walk_forward,lightgbm_financial,2022-10-20,5,5,0.0,8,5,"688185,600276,300142,603259,000538","康希诺,恒瑞医药,沃森生物,药明康德,云南白药",0.8763699533208553,0.0697998159924559,0.8,0.0008,0.0689998159924559,0.0180747608917395,0.0509250551007164,-0.1437561210572304,-0.227871305484145,0.1089393322957088
walk_forward,lightgbm_financial,2022-10-27,5,5,0.0,8,5,"300760,600276,603259,300142,300122","迈瑞医疗,恒瑞医药,药明康德,沃森生物,智飞生物",0.9232989289390898,0.0422666125142392,0.8,0.0008,0.0414666125142392,0.0534302978415179,-0.0119636853272786,-0.1082505879114216,-0.1866162393641804,0.0963452373225408
walk_forward,lightgbm_financial,2022-11-03,5,5,0.0,8,5,"300760,000661,300142,600276,000538","迈瑞医疗,长春高新,沃森生物,恒瑞医药,云南白药",0.9390918041265536,-0.0201566635803549,0.8,0.0008,-0.0209566635803549,0.0158160584561029,-0.0367727220364579,-0.1269386803385412,-0.1737517142587196,0.0566573446844484
walk_forward,lightgbm_financial,2022-11-10,5,5,0.0,8,5,"300760,600276,300142,000661,603259","迈瑞医疗,恒瑞医药,沃森生物,长春高新,药明康德",0.9141136518722408,0.040183251743562,0.4,0.0004,0.039783251743562,0.0128826259560724,0.0269006257874896,-0.0922054620708828,-0.1631074666466686,0.0847205605858254
walk_forward,lightgbm_financial,2022-11-17,5,5,0.0,8,5,"300142,300760,600276,000661,603259","沃森生物,迈瑞医疗,恒瑞医药,长春高新,药明康德",0.8015022087488228,-0.0220121756965869,0.0,0.0,-0.0220121756965869,-0.027779147465231,0.0057669717686441,-0.1121879949361804,-0.1863556277432416,0.0911548525817818
walk_forward,lightgbm_financial,2022-11-24,5,5,0.0,8,5,"600276,300142,000661,300760,603259","恒瑞医药,沃森生物,长春高新,迈瑞医疗,药明康德",0.906478219423285,0.0109149255456195,0.0,0.0,0.0109149255456195,0.0025233583380038,0.0083915672076156,-0.1024975930024016,-0.1843025114323377,0.100288304888106
walk_forward,lightgbm_financial,2022-12-01,5,5,0.0,8,5,"300142,000661,600276,300760,000538","沃森生物,长春高新,恒瑞医药,迈瑞医疗,云南白药",0.5292484402954674,-0.0196875179026062,0.4,0.0004,-0.0200875179026062,-0.0308947278321024,0.0108072099294961,-0.1205261886705981,-0.2095032633349651,0.1125584338775962
walk_forward,lightgbm_financial,2022-12-08,5,5,0.0,8,5,"300142,300760,688185,000661,600276","沃森生物,迈瑞医疗,康希诺,长春高新,恒瑞医药",0.60538767305371,-0.0024913582811623,0.4,0.0004,-0.0028913582811623,-0.0054419907787732,0.0025506324976108,-0.1230690625580508,-0.2138051392865466,0.1154116889623966
walk_forward,lightgbm_financial,2022-12-15,5,5,0.0,8,5,"600276,300760,000661,300142,603259","恒瑞医药,迈瑞医疗,长春高新,沃森生物,药明康德",0.6726726597716866,-0.0185781302321606,0.4,0.0004,-0.0189781302321606,-0.0396668971715993,0.0206887669394386,-0.1397115720934348,-0.244991049983307,0.1394413640891865
walk_forward,lightgbm_financial,2022-12-22,5,5,0.0,8,5,"600276,688185,300760,000661,300142","恒瑞医药,康希诺,迈瑞医疗,长春高新,沃森生物",0.7617446616184835,0.0029431438094204,0.4,0.0004,0.0025431438094204,0.0107056757376585,-0.0081625319282381,-0.1375237349036883,-0.2369081689853981,0.1302391534575451
walk_forward,lightgbm_financial,2022-12-29,5,5,0.0,8,5,"000661,300760,688185,300142,603259","长春高新,迈瑞医疗,康希诺,沃森生物,药明康德",0.83343121657249,0.0430806228779064,0.4,0.0004,0.0426806228779064,0.0470693195455324,-0.004388696667626,-0.1007127106919674,-0.2009899557487863,0.1255018579281979
walk_forward,lightgbm_financial,2023-01-06,5,5,0.0,8,5,"688185,300760,600276,000538,300142","康希诺,迈瑞医疗,恒瑞医药,云南白药,沃森生物",0.8227292743830283,0.0112817464848359,0.8,0.0008,0.0104817464848359,0.0287245038762127,-0.0182427573913768,-0.0912866093084053,-0.1780387886355594,0.1055429114266195
walk_forward,lightgbm_financial,2023-01-13,5,5,0.0,8,5,"688185,600276,300142,300760,000538","康希诺,恒瑞医药,沃森生物,迈瑞医疗,云南白药",0.624743504620818,0.0397879740073043,0.0,0.0,0.0397879740073043,0.0384841070065797,0.0013038670007246,-0.0551307445394787,-0.1464063454221523,0.106930973998178
walk_forward,lightgbm_financial,2023-01-20,5,5,0.0,8,5,"688185,300142,000538,300760,600276","康希诺,沃森生物,云南白药,迈瑞医疗,恒瑞医药",0.6585392686288867,-0.0312175298453606,0.0,0.0,-0.0312175298453606,-0.0387429128328795,0.0075253829875189,-0.0846272287217813,-0.1794770499761609,0.1155967925718883
walk_forward,lightgbm_financial,2023-02-03,5,5,0.0,8,5,"300142,000538,600276,300760,688185","沃森生物,云南白药,恒瑞医药,迈瑞医疗,康希诺",0.740021464058738,-0.0059983288618181,0.0,0.0,-0.0059983288618181,-0.0123536971009274,0.0063553682391092,-0.0901179356350618,-0.1896135419651149,0.1227755046293852
walk_forward,lightgbm_financial,2023-02-10,5,5,0.0,8,5,"000538,688185,300122,300142,300760","云南白药,康希诺,智飞生物,沃森生物,迈瑞医疗",0.8064017515823266,-0.0151463335884078,0.4,0.0004,-0.0155463335884078,-0.0171279595623359,0.001581625973928,-0.1042632657337884,-0.203493808448201,0.1245822615905671
walk_forward,lightgbm_financial,2023-02-17,5,5,0.0,8,5,"300122,300142,603259,000538,300760","智飞生物,沃森生物,药明康德,云南白药,迈瑞医疗",0.8593663121985504,-0.0088787179919789,0.4,0.0004,-0.0092787179919789,-0.0127881905935015,0.0035094726015225,-0.1125745542861008,-0.2136796814346695,0.1285800770518541
walk_forward,lightgbm_financial,2023-02-24,5,5,0.0,8,5,"688185,603259,300142,600276,000538","康希诺,药明康德,沃森生物,恒瑞医药,云南白药",0.8355792097448889,-0.0107009266512019,0.8,0.0008,-0.0115009266512019,-0.0104543382300014,-0.0010465884212005,-0.1227807692456666,-0.2219001400020739,0.1273864395203354
walk_forward,lightgbm_financial,2023-03-03,5,5,0.0,8,5,"688185,300760,603259,300142,600276","康希诺,迈瑞医疗,药明康德,沃森生物,恒瑞医药",0.7986152089900501,-0.0156726144123093,0.4,0.0004,-0.0160726144123093,-0.0182621889952739,0.0021895745829645,-0.1368799756966436,-0.2361099467025522,0.1299008549431521
walk_forward,lightgbm_financial,2023-03-10,5,5,0.0,8,5,"600276,000538,603259,300142,300760","恒瑞医药,云南白药,药明康德,沃森生物,迈瑞医疗",0.8663677157776293,-0.0380962515392829,0.4,0.0004,-0.0384962515392829,-0.0458234011854,0.0073271496461171,-0.1701068612608176,-0.2711139870763377,0.1385773962246395
walk_forward,lightgbm_financial,2023-03-17,5,5,0.0,8,5,"600276,688185,603259,000661,300142","恒瑞医药,康希诺,药明康德,长春高新,沃森生物",0.8944840906547471,0.0248687974451609,0.8,0.0008,0.0240687974451609,0.0101105083791141,0.0139582890660468,-0.1501323314033753,-0.2637445789352539,0.1543109147740828
walk_forward,lightgbm_financial,2023-03-24,5,5,0.0,8,5,"688185,000538,300142,000661,600276","康希诺,云南白药,沃森生物,长春高新,恒瑞医药",0.6575734877151416,-0.0161206813266591,0.4,0.0004,-0.0165206813266591,-0.0148238836990293,-0.0016967976276298,-0.1641727243260909,-0.2746587436698976,0.1523228113382324
walk_forward,lightgbm_financial,2023-03-31,5,5,0.0,8,5,"688185,300142,000661,600276,300760","康希诺,沃森生物,长春高新,恒瑞医药,迈瑞医疗",0.8195453022552872,0.0311762743520282,0.4,0.0004,0.0307762743520282,0.0306256659444396,0.0001506084075886,-0.1384490747790423,-0.2524446846578116,0.1524912037132511
walk_forward,lightgbm_financial,2023-04-10,5,5,0.0,8,5,"688185,300122,300760,600276,000538","康希诺,智飞生物,迈瑞医疗,恒瑞医药,云南白药",0.675025708165759,0.0210595569685574,0.8,0.0008,0.0202595569685574,0.0123237370165937,0.0079358199519636,-0.1209944347282151,-0.2432320095461776,0.1615258260919023
walk_forward,lightgbm_financial,2023-04-17,5,5,0.0,8,5,"688185,000661,300760,300142,600276","康希诺,长春高新,迈瑞医疗,沃森生物,恒瑞医药",0.7489373787665001,-0.0434293490704886,0.8,0.0008,-0.0442293490704886,-0.0463796544254838,0.0021503053549951,-0.1598722787095231,-0.2783306474236937,0.1641449346453234
walk_forward,lightgbm_financial,2023-04-24,5,5,0.0,8,5,"000538,300122,600276,300142,000661","云南白药,智飞生物,恒瑞医药,沃森生物,长春高新",0.6756518064497465,0.012244702511822,0.8,0.0008,0.011444702511822,-0.0125983049937501,0.0240430075055721,-0.1502572668674187,-0.2874224580320922,0.1924915999820424
walk_forward,lightgbm_financial,2023-05-04,5,5,0.0,8,5,"300142,603259,688185,000538,300122","沃森生物,药明康德,康希诺,云南白药,智飞生物",0.7918538591092477,-0.0339648408186348,0.8,0.0008,-0.0347648408186348,-0.037510196211988,0.0027453553933532,-0.1797984377215645,-0.3141513814475646,0.1958930004256154
walk_forward,lightgbm_financial,2023-05-11,5,5,0.0,8,5,"300142,603259,688185,600276,000661","沃森生物,药明康德,康希诺,恒瑞医药,长春高新",0.8377822960095036,0.0101181652338297,0.8,0.0008,0.0093181652338297,0.0057159457439799,0.0036022194898497,-0.1721556640392089,-0.3102311079553352,0.2001763859005481
walk_forward,lightgbm_financial,2023-05-18,5,5,0.0,8,5,"688185,000538,300142,300760,603259","康希诺,云南白药,沃森生物,迈瑞医疗,药明康德",0.7789916388289324,0.0026750874188185,0.8,0.0008,0.0018750874188185,-0.0029359776729675,0.004811065091786,-0.1706033835401087,-0.3122562540218859,0.2059675152411855
walk_forward,lightgbm_financial,2023-05-25,5,5,0.0,8,5,"300122,000661,000538,300760,688185","智飞生物,长春高新,云南白药,迈瑞医疗,康希诺",0.7903955867080763,-0.0315968867677878,0.8,0.0008,-0.0323968867677878,-0.0296190054476798,-0.002777881320108,-0.1974732518091462,-0.3326265397806194,0.2025152272717667
walk_forward,lightgbm_financial,2023-06-01,5,5,0.0,8,5,"000538,300760,000661,688185,600276","云南白药,迈瑞医疗,长春高新,康希诺,恒瑞医药",0.850105730606138,-0.0440674173447924,0.4,0.0004,-0.0444674173447924,-0.0513514247388465,0.0068840073940541,-0.2331595436513081,-0.3668971177957785,0.2112414552258037
walk_forward,lightgbm_financial,2023-06-08,5,5,0.0,8,5,"688185,300760,000538,600276,300142","康希诺,迈瑞医疗,云南白药,恒瑞医药,沃森生物",0.9178764177443846,0.0210417072814728,0.4,0.0004,0.0206417072814728,0.0368426516122857,-0.0162009443308129,-0.2173306474197673,-0.3435719288719944,0.1923154828453543
walk_forward,lightgbm_financial,2023-06-15,5,5,0.0,8,5,"688185,000538,300142,300122,000661","康希诺,云南白药,沃森生物,智飞生物,长春高新",0.6983765394319189,-0.0461779449223518,0.8,0.0008,-0.0469779449223518,-0.0447586174505101,-0.0022193274718417,-0.2540988451576943,-0.372952741791389,0.189545357351923
walk_forward,lightgbm_financial,2023-06-26,5,5,0.0,8,5,"300142,000538,300760,000661,300122","沃森生物,云南白药,迈瑞医疗,长春高新,智飞生物",0.8669125352843581,0.0289554021963777,0.4,0.0004,0.0285554021963777,0.0199668217295229,0.0085885804668548,-0.2327993376824297,-0.3604326009707517,0.1995618655391862
walk_forward,lightgbm_financial,2023-07-03,5,5,0.0,8,5,"688185,300142,000538,300122,300760","康希诺,沃森生物,云南白药,智飞生物,迈瑞医疗",0.6233540788820413,-0.0144379698380643,0.4,0.0004,-0.0148379698380643,-0.0060857356155778,-0.0087522342224865,-0.2441830379696408,-0.3643248390695864,0.1889987347061015
walk_forward,lightgbm_financial,2023-07-10,5,5,0.0,8,5,"300760,688185,603259,300142,000538","迈瑞医疗,康希诺,药明康德,沃森生物,云南白药",0.7393646734533048,0.0140358926813508,0.4,0.0004,0.0136358926813508,0.0098694997674543,0.0037663929138965,-0.2338767989886501,-0.3580510432166073,0.1934332051105056
walk_forward,lightgbm_financial,2023-07-17,5,5,0.0,8,5,"688185,300760,000661,600276,300122","康希诺,迈瑞医疗,长春高新,恒瑞医药,智飞生物",0.6881932999647945,0.008484862034238,1.2,0.0012,0.007284862034238,0.007552652040343,-0.000267790006105,-0.2282956971680535,-0.353202626118361,0.1931160112798555
walk_forward,lightgbm_financial,2023-07-24,5,5,0.0,8,5,"000661,300760,000538,688185,600276","长春高新,迈瑞医疗,云南白药,康希诺,恒瑞医药",0.9323073337447882,0.0170864598478824,0.4,0.0004,0.0166864598478824,0.0220851091058599,-0.0053986492579774,-0.2154186843044101,-0.3389180355468014,0.1868139775141823
walk_forward,lightgbm_financial,2023-07-31,5,5,0.0,8,5,"000538,688185,300142,300122,603259","云南白药,康希诺,沃森生物,智飞生物,药明康德",0.6092382174759052,-0.0185888660034987,1.2,0.0012,-0.0197888660034987,-0.0497037403226268,0.0299148743191281,-0.2309446588295588,-0.3717762818399552,0.2241743171093049
walk_forward,lightgbm_financial,2023-08-07,5,5,0.0,8,5,"688185,000538,600276,300760,300122","康希诺,云南白药,恒瑞医药,迈瑞医疗,智飞生物",0.5907607047093802,0.0224630867097967,0.8,0.0008,0.0216630867097967,0.0218672562970169,-0.0002041695872201,-0.2142845462891512,-0.3580387527830847,0.2239297264704822
walk_forward,lightgbm_financial,2023-08-14,5,5,0.0,8,5,"600276,300760,000538,300122,000661","恒瑞医药,迈瑞医疗,云南白药,智飞生物,长春高新",0.7123112189060397,-0.0149803782193967,0.4,0.0004,-0.0153803782193967,-0.0315510525957442,0.0161706743763475,-0.226369147140049,-0.3782933058584552,0.2443662906480099
walk_forward,lightgbm_financial,2023-08-21,5,5,0.0,8,5,"000538,300760,300142,600276,000661","云南白药,迈瑞医疗,沃森生物,恒瑞医药,长春高新",0.950172390256939,0.0115282727503859,0.4,0.0004,0.011128272750386,-0.0089709973673798,0.0200992701177658,-0.2177599720013097,-0.3838706349748814,0.2696035482204286
walk_forward,lightgbm_financial,2023-08-28,5,5,0.0,8,5,"688185,300142,300760,000538,300122","康希诺,沃森生物,迈瑞医疗,云南白药,智飞生物",0.6796814561851579,0.026587137753305,0.8,0.0008,0.025787137753305,0.0207417871576062,0.0050453505956987,-0.1975882406431582,-0.3710910108239792,0.2758789795772192
walk_forward,lightgbm_financial,2023-09-04,5,5,0.0,8,5,"000538,600276,300142,300760,300122","云南白药,恒瑞医药,沃森生物,迈瑞医疗,智飞生物",0.8443024613509007,0.0068100550060924,0.4,0.0004,0.0064100550060924,-0.005892574780407,0.0123026297864994,-0.1924447371281455,-0.3747969040727691,0.2916686883550685
walk_forward,lightgbm_financial,2023-09-11,5,5,0.0,8,5,"000538,300122,300142,000661,300760","云南白药,智飞生物,沃森生物,长春高新,迈瑞医疗",0.9042085199927266,0.01252111665374,0.4,0.0004,0.01212111665374,0.0230736423830726,-0.0109525257293326,-0.1826562655825341,-0.3603711914205543,0.2778407155123421
walk_forward,lightgbm_financial,2023-09-18,5,5,0.0,8,5,"000538,000661,300760,603259,600276","云南白药,长春高新,迈瑞医疗,药明康德,恒瑞医药",0.8944794432589435,0.0010290680046112,0.8,0.0008,0.0002290680046112,0.0091453296430617,-0.0089162616384504,-0.1824690382842095,-0.3545215751168964,0.2665504069541065
walk_forward,lightgbm_financial,2023-09-25,5,5,0.0,8,5,"300760,000538,000661,688185,300122","迈瑞医疗,云南白药,长春高新,康希诺,智飞生物",0.8417228647275214,0.0291294606086931,0.8,0.0008,0.0283294606086931,0.0222476631855581,0.0060817974231349,-0.1593088271078951,-0.3401611885265525,0.2740856680055035
walk_forward,lightgbm_financial,2023-10-10,5,5,0.0,8,5,"000661,000538,600276,300760,688185","长春高新,云南白药,恒瑞医药,迈瑞医疗,康希诺",0.9186820244865784,-0.0062919922689403,0.4,0.0004,-0.0066919922689403,-0.0005783836817931,-0.0061136085871472,-0.1649347259374555,-0.3405428285277225,0.2662918991360903
walk_forward,lightgbm_financial,2023-10-17,5,5,0.0,8,5,"300760,000538,300142,600276,000661","迈瑞医疗,云南白药,沃森生物,恒瑞医药,长春高新",0.9266827143772074,-0.030208051312781,0.4,0.0004,-0.030608051312781,-0.0347947397257021,0.004186688412921,-0.1904944466954834,-0.3634884691693482,0.2717845853445992
walk_forward,lightgbm_financial,2023-10-24,5,5,0.0,8,5,"300760,600276,688185,000538,000661","迈瑞医疗,恒瑞医药,康希诺,云南白药,长春高新",0.9089311894612128,0.092765270776266,0.4,0.0004,0.092365270776266,0.0806509408866395,0.0117143298896264,-0.1157242470696205,-0.3121532153226608,0.2855708169736997
walk_forward,lightgbm_financial,2023-10-31,5,5,0.0,8,5,"000538,300142,600276,688185,300760","云南白药,沃森生物,恒瑞医药,康希诺,迈瑞医疗",0.8294387789859516,0.0182396181069355,0.4,0.0004,0.0178396181069355,0.0157996348782883,0.0020399832286471,-0.0999491053361196,-0.3012854872725543,0.288152569138022
walk_forward,lightgbm_financial,2023-11-07,5,5,0.0,8,5,"600276,000538,300142,688185,300760","恒瑞医药,云南白药,沃森生物,康希诺,迈瑞医疗",0.8167473245362341,-0.001210539014236,0.0,0.0,-0.001210539014236,-0.0047851211595726,0.0035745821453365,-0.1010386520589083,-0.3046289208719069,0.2927793158557512
walk_forward,lightgbm_financial,2023-11-14,5,5,0.0,8,5,"300142,600276,300122,688185,000538","沃森生物,恒瑞医药,智飞生物,康希诺,云南白药",0.8941106133565964,0.0059577877107451,0.4,0.0004,0.0055577877107451,0.0094463227824047,-0.0038885350716596,-0.0960424157268865,-0.2980602212049138,0.2877993405998456
walk_forward,lightgbm_financial,2023-11-21,5,5,0.0,8,5,"600276,000538,300760,688185,300142","恒瑞医药,云南白药,迈瑞医疗,康希诺,沃森生物",0.7713889729047003,0.0040710112812994,0.4,0.0004,0.0036710112812994,0.0044881376712173,-0.0008171263899179,-0.0927239772372037,-0.2949098188407776,0.2867517475157075
walk_forward,lightgbm_financial,2023-11-28,5,5,0.0,8,5,"600276,300760,000538,688185,603259","恒瑞医药,迈瑞医疗,云南白药,康希诺,药明康德",0.9042732118863676,-0.0444792299550774,0.4,0.0004,-0.0448792299550774,-0.0476680092665254,0.0027887793114479,-0.1334418264955033,-0.3285200641300114,0.2905198312169361
walk_forward,lightgbm_financial,2023-12-05,5,5,0.0,8,5,"600276,000538,688185,000661,603259","恒瑞医药,云南白药,康希诺,长春高新,药明康德",0.9182066796765628,-0.0076672866846479,0.4,0.0004,-0.0080672866846479,-0.0036825465585529,-0.004384740126095,-0.1404325997100889,-0.3309928202569868,0.2848403220726243
walk_forward,lightgbm_financial,2023-12-12,5,5,0.0,8,5,"000661,688185,600276,000538,603259","长春高新,康希诺,恒瑞医药,云南白药,药明康德",0.9170582946720348,-0.0363219405788425,0.0,0.0,-0.0363219405788425,-0.0420516673080509,0.0057297267292084,-0.1716537557469292,-0.3591256876062375,0.2925252709210209
walk_forward,lightgbm_financial,2023-12-19,5,5,0.0,8,5,"603259,000661,300142,300760,600276","药明康德,长春高新,沃森生物,迈瑞医疗,恒瑞医药",0.9300724487304246,-0.0002685705581203,0.8,0.0008,-0.0010685705581203,-0.0053082140537186,0.0042396434955982,-0.1725389021554676,-0.3625275856379534,0.2980343607066007
walk_forward,lightgbm_financial,2023-12-26,5,5,0.0,8,5,"688185,600276,300760,000661,000538","康希诺,恒瑞医药,迈瑞医疗,长春高新,云南白药",0.9369078835255824,0.015776071752252,0.8,0.0008,0.014976071752252,0.0093412172867823,0.0056348544654697,-0.1601467853819507,-0.3565728173010677,0.3052809038859447
walk_forward,lightgbm_financial,2024-01-03,5,5,0.0,8,5,"000538,000661,688185,600276,300142","云南白药,长春高新,康希诺,恒瑞医药,沃森生物",0.9542043583419012,-0.0521928311597666,0.4,0.0004,-0.0525928311597666,-0.0570646486195305,0.0044718174597639,-0.204317043697345,-0.3932897633940367,0.3114711245912647
walk_forward,lightgbm_financial,2024-01-10,5,5,0.0,8,5,"000538,300142,600276,688185,300760","云南白药,沃森生物,恒瑞医药,康希诺,迈瑞医疗",0.9510438680696222,-0.0374010771589357,0.4,0.0004,-0.0378010771589357,-0.0393093811567554,0.0015083039978196,-0.2343947165225918,-0.4171391673364858,0.3135301611858219
walk_forward,lightgbm_financial,2024-01-17,5,5,0.0,8,5,"600276,000661,688185,000538,300760","恒瑞医药,长春高新,康希诺,云南白药,迈瑞医疗",0.9715386094596196,-0.0018089803990155,0.4,0.0004,-0.0022089803990155,-0.0018183658852661,-0.0003906145137493,-0.2360859235871761,-0.4181990215904589,0.3130161425666937
walk_forward,lightgbm_financial,2024-01-24,5,5,0.0,8,5,"000661,300142,000538,688185,300122","长春高新,沃森生物,云南白药,康希诺,智飞生物",0.9542476765672218,-0.0919753141062054,0.8,0.0008,-0.0927753141062054,-0.1093831615594662,0.0166078474532608,-0.3069582919765277,-0.4818382520072853,0.3375007142233441
walk_forward,lightgbm_financial,2024-01-31,5,5,0.0,8,5,"000661,688185,000538,300122,300142","长春高新,康希诺,云南白药,智飞生物,沃森生物",0.9682820941306448,0.0682653981705529,0.0,0.0,0.0682653981705529,0.0762040565992277,-0.0079386584286747,-0.2596475238295052,-0.4423522248356938,0.3276345914808971
walk_forward,lightgbm_financial,2024-02-07,5,5,0.0,8,5,"688185,000661,300122,300142,000538","康希诺,长春高新,智飞生物,沃森生物,云南白药",0.8949177239600035,0.0382446824145583,0.0,0.0,0.0382446824145583,0.0203023715278829,0.0179423108866753,-0.2313329785035327,-0.4310306525226107,0.3509814279178087
walk_forward,lightgbm_financial,2024-02-22,5,5,0.0,8,5,"000661,688185,000538,300142,600276","长春高新,康希诺,云南白药,沃森生物,恒瑞医药",0.9440488199038162,0.0143647971325267,0.4,0.0004,0.0139647971325267,0.0094897587949113,0.0044750383376153,-0.2205986994858709,-0.4256312706533521,0.3569702887563335
walk_forward,lightgbm_financial,2024-02-29,5,5,0.0,8,5,"000661,000538,688185,300142,600276","长春高新,云南白药,康希诺,沃森生物,恒瑞医药",0.9301077635270084,-0.0305157935556922,0.0,0.0,-0.0305157935556922,-0.025119019202493,-0.0053967743531991,-0.2443827486693981,-0.4400588497951221,0.3494583333518668
walk_forward,lightgbm_financial,2024-03-07,5,5,0.0,8,5,"000661,688185,300142,000538,600276","长春高新,康希诺,沃森生物,云南白药,恒瑞医药",0.961246827265306,0.0542162530547283,0.0,0.0,0.0542162530547283,0.0372459469082381,0.0169703061464902,-0.2034160125587399,-0.4192033114428535,0.37153672384081
walk_forward,lightgbm_financial,2024-03-14,5,5,0.0,8,5,"000661,688185,000538,300142,300122","长春高新,康希诺,云南白药,沃森生物,智飞生物",0.9460543745368348,-0.0264097409336744,0.4,0.0004,-0.0268097409336744,-0.0324996678447684,0.005689926911094,-0.2247722228939535,-0.4380790109063022,0.3796028127662281
walk_forward,lightgbm_financial,2024-03-21,5,5,0.0,8,5,"688185,000538,300142,000661,300122","康希诺,云南白药,沃森生物,长春高新,智飞生物",0.9238415009931068,-0.0716407613319478,0.0,0.0,-0.0716407613319478,-0.0559001392429402,-0.0157406220890075,-0.2803101310515042,-0.4694904724401706,0.3566012136649725
walk_forward,lightgbm_financial,2024-03-28,5,5,0.0,8,5,"000661,688185,000538,300760,300142","长春高新,康希诺,云南白药,迈瑞医疗,沃森生物",0.9578341273055992,-0.011028024222554,0.4,0.0004,-0.011428024222554,-0.0151888941709029,0.0037608699483488,-0.2885347643065744,-0.4775483255109326,0.3617819033486769
walk_forward,lightgbm_financial,2024-04-08,5,5,0.0,8,5,"688185,000661,300142,300122,000538","康希诺,长春高新,沃森生物,智飞生物,云南白药",0.9602403526196692,-0.0225275059348083,0.4,0.0004,-0.0229275059348083,-0.0269673139115543,0.0040398079767459,-0.3048468877203453,-0.4916374438204965,0.3674357086877879
walk_forward,lightgbm_financial,2024-04-15,5,5,0.0,8,5,"300142,688185,000661,603259,600276","沃森生物,康希诺,长春高新,药明康德,恒瑞医药",0.971712649291768,-0.0250031113456337,0.8,0.0008,-0.0258031113456337,-0.0059949952347542,-0.0198081161108794,-0.322784000878761,-0.4946850749223201,0.3401860216520094
walk_forward,lightgbm_financial,2024-04-22,5,5,0.0,8,5,"300142,000661,688185,600276,603259","沃森生物,长春高新,康希诺,恒瑞医药,药明康德",0.9285090005873924,0.0672331533470027,0.0,0.0,0.0672331533470027,0.0376710398007447,0.029562113546258,-0.2772526337607991,-0.4756493362678086,0.3783664563230899
walk_forward,lightgbm_financial,2024-04-29,5,5,0.0,8,5,"000661,000538,300142,300122,688185","长春高新,云南白药,沃森生物,智飞生物,康希诺",0.9746862869107042,0.0382355457224444,0.8,0.0008,0.0374355457224444,0.0290100248713725,0.0084255208510718,-0.2501961916861752,-0.4604379104716171,0.3896525031423328
walk_forward,lightgbm_financial,2024-05-09,5,5,0.0,8,5,"000661,300142,300122,000538,688185","长春高新,沃森生物,智飞生物,云南白药,康希诺",0.9417921629449564,-0.0446433189617731,0.0,0.0,-0.0446433189617731,-0.0292979953774576,-0.0153453235843155,-0.2836699222594816,-0.476245998076471,0.3676842088265448
walk_forward,lightgbm_financial,2024-05-16,5,5,0.0,8,5,"300122,000661,688185,300142,000538","智飞生物,长春高新,康希诺,沃森生物,云南白药",0.9665332080823748,-0.0040509679197559,0.0,0.0,-0.0040509679197559,-0.015259855702978,0.0112088877832221,-0.2865717524243647,-0.4842384085696813,0.3832519897364674
walk_forward,lightgbm_financial,2024-05-23,5,5,0.0,8,5,"000538,300142,300122,600276,000661","云南白药,沃森生物,智飞生物,恒瑞医药,长春高新",0.9757358444644002,-0.0361466738524485,0.4,0.0004,-0.0365466738524485,-0.0413314328813581,0.0047847590289095,-0.3126451819056354,-0.505555574168666,0.3901558642079559
walk_forward,lightgbm_financial,2024-05-30,5,5,0.0,8,5,"300142,000661,000538,688185,600276","沃森生物,长春高新,云南白药,康希诺,恒瑞医药",0.9718982185728298,-0.0218553413959893,0.4,0.0004,-0.0222553413959893,-0.0158006796154952,-0.006454661780494,-0.3279424980425036,-0.5133681321288944,0.3810388228325083
walk_forward,lightgbm_financial,2024-06-06,5,5,0.0,8,5,"300142,300122,000661,688185,000538","沃森生物,智飞生物,长春高新,康希诺,云南白药",0.9704701810422196,-0.0141699933584884,0.4,0.0004,-0.0145699933584884,-0.0105700173363655,-0.0039999760221228,-0.3377343713825467,-0.51851183940872,0.375455686811019
walk_forward,lightgbm_financial,2024-06-14,5,5,0.0,8,5,"300122,000661,300142,688185,000538","智飞生物,长春高新,沃森生物,康希诺,云南白药",0.9762731376264668,-0.0513181351151651,0.0,0.0,-0.0513181351151651,-0.0514085996228231,9.046450765796273e-05,-0.3717206083940669,-0.5432644714796867,0.3755868601712913
walk_forward,lightgbm_financial,2024-06-21,5,5,0.0,8,5,"300122,000538,000661,688185,600276","智飞生物,云南白药,长春高新,康希诺,恒瑞医药",0.9785438746218762,-0.0417103906133123,0.4,0.0004,-0.0421103906133123,-0.0282622649786847,-0.0138481256346275,-0.398177698988887,-0.5561728520119074,0.3559835258821511
walk_forward,lightgbm_financial,2024-06-28,5,5,0.0,8,5,"688185,300122,000661,600276,300142","康希诺,智飞生物,长春高新,恒瑞医药,沃森生物",0.9880759235207344,0.0037453856577336,0.4,0.0004,0.0033453856577336,-0.0037439667632859,0.0070893524210195,-0.3961643712945801,-0.5578345261026187,0.3656326971507491
walk_forward,lightgbm_financial,2024-07-05,5,5,0.0,8,5,"688185,300122,300142,000661,000538","康希诺,智飞生物,沃森生物,长春高新,云南白药",0.9710032172906532,0.0043415373747802,0.4,0.0004,0.0039415373747802,0.0078346196987147,-0.0038930823239344,-0.3937843305958138,-0.5543703277707308,0.3603575057549089
walk_forward,lightgbm_financial,2024-07-12,5,5,0.0,8,5,"000661,688185,000538,300122,300142","长春高新,康希诺,云南白药,智飞生物,沃森生物",0.9695287921233496,0.0271437607227712,0.0,0.0,0.0271437607227712,0.024688893606118,0.0024548671166532,-0.377329357519112,-0.5433682242053333,0.3636165406957656
walk_forward,lightgbm_financial,2024-07-19,5,5,0.0,8,5,"000661,000538,688185,300142,300122","长春高新,云南白药,康希诺,沃森生物,智飞生物",0.9764568440463952,-0.0475407253778635,0.0,0.0,-0.0475407253778635,-0.0412968521586557,-0.0062438732192077,-0.4069315715341538,-0.56222567914127,0.3547355342873792
walk_forward,lightgbm_financial,2024-07-26,5,5,0.0,8,5,"688185,000538,000661,300760,300142","康希诺,云南白药,长春高新,迈瑞医疗,沃森生物",0.969864770233216,0.0022318257135305,0.4,0.0004,0.0018318257135305,0.0220507505659701,-0.0202189248524396,-0.4058451735370069,-0.5525724267878271,0.3279352056857731
walk_forward,lightgbm_financial,2024-08-02,5,5,0.0,8,5,"688185,000661,300122,000538,300142","康希诺,长春高新,智飞生物,云南白药,沃森生物",0.9773393442291626,-0.0082544429351082,0.4,0.0004,-0.0086544429351082,-0.0091428052757168,0.0004883623406085,-0.41098725257725,-0.5566631699646927,0.3285897031740876
walk_forward,lightgbm_financial,2024-08-09,5,5,0.0,8,5,"688185,000661,300142,300122,000538","康希诺,长春高新,沃森生物,智飞生物,云南白药",0.9768947106369325,-0.0161351692086153,0.0,0.0,-0.0161351692086153,-0.0151160845180991,-0.0010190846905162,-0.4204910729229475,-0.5633646869574924,0.3272149772747215
walk_forward,lightgbm_financial,2024-08-16,5,5,0.0,8,5,"000661,688185,300142,000538,300122","长春高新,康希诺,沃森生物,云南白药,智飞生物",0.9551933501581462,-0.0662179453475098,0.0,0.0,-0.0662179453475098,-0.0534421057513163,-0.0127758395961934,-0.4588649633845298,-0.5866993975318693,0.3093013496325514
walk_forward,lightgbm_financial,2024-08-23,5,5,0.0,8,5,"688185,300142,000661,300122,000538","康希诺,沃森生物,长春高新,智飞生物,云南白药",0.9810388027108696,0.0373202648353501,0.0,0.0,0.0373202648353501,0.0337147448964402,0.0036055199389099,-0.4386696605063536,-0.5727650731541112,0.3138680950963735
walk_forward,lightgbm_financial,2024-08-30,5,5,0.0,8,5,"000661,688185,300142,000538,300122","长春高新,康希诺,沃森生物,云南白药,智飞生物",0.9837945486888692,-0.038235498686371,0.0,0.0,-0.038235498686371,-0.0289999022218717,-0.0092355964644992,-0.4601324059646831,-0.5851548442584105,0.3013713347338804
walk_forward,lightgbm_financial,2024-09-06,5,5,0.0,8,5,"688185,000661,300142,300122,000538","康希诺,长春高新,沃森生物,智飞生物,云南白药",0.9718387626068704,-0.0098488707175435,0.0,0.0,-0.0098488707175435,-0.0049758495407267,-0.0048730211768168,-0.4654494921029282,-0.58721905133608,0.2949980119656508
walk_forward,lightgbm_financial,2024-09-13,5,5,0.0,8,5,"000538,300142,000661,300122,688185","云南白药,沃森生物,长春高新,智飞生物,康希诺",0.9734874495326457,0.0323840793972821,0.0,0.0,0.0323840793972821,0.0270354613842835,0.0053486180129985,-0.448138566013332,-0.5760593279383086,0.3017421312819017
walk_forward,lightgbm_financial,2024-09-24,5,5,0.0,8,5,"300122,000661,300142,000538,688185","智飞生物,长春高新,沃森生物,云南白药,康希诺",0.9848556388690382,0.5643486678961747,0.0,0.0,0.5643486678961747,0.4872785262323322,0.0770701416638424,-0.1366963008796832,-0.369482142046143,0.3691978557465309
walk_forward,lightgbm_financial,2024-10-08,5,5,0.0,8,5,"000661,688185,300142,600276,300122","长春高新,康希诺,沃森生物,恒瑞医药,智飞生物",0.7788366074582155,-0.1769854526885792,0.4,0.0004,-0.1773854526885792,-0.1624655962315033,-0.0149198564570759,-0.2898338183558655,-0.4719196017732268,0.3448069347561131
walk_forward,lightgbm_financial,2024-10-15,5,5,0.0,8,5,"300122,300142,000661,000538,600276","智飞生物,沃森生物,长春高新,云南白药,恒瑞医药",0.9294704700576816,0.0333370845178162,0.4,0.0004,0.0329370845178162,0.032627653225583,0.0003094312922331,-0.2664430148093578,-0.4546895776646558,0.3452099119050649
walk_forward,lightgbm_financial,2024-10-22,5,5,0.0,8,5,"300122,300142,000661,688185,000538","智飞生物,沃森生物,长春高新,康希诺,云南白药",0.8796271891915156,-0.0101992938523984,0.4,0.0004,-0.0105992938523984,-0.0060414936983372,-0.0045578001540612,-0.2742182008528729,-0.4579840671448323,0.3390414472208209
walk_forward,lightgbm_financial,2024-10-29,5,5,0.0,8,5,"300142,000661,300122,688185,000538","沃森生物,长春高新,智飞生物,康希诺,云南白药",0.8818849028517768,0.0134713108740681,0.0,0.0,0.0134713108740681,0.0141141150784515,-0.0006428042043834,-0.2644409686098216,-0.4503339918941601,0.3381926852725161
walk_forward,lightgbm_financial,2024-11-05,5,5,0.0,8,5,"300122,000661,300142,688185,600276","智飞生物,长春高新,沃森生物,康希诺,恒瑞医药",0.7904691084175257,0.1028759986114652,0.4,0.0004,0.1024759986114652,0.083656957727896,0.0188190408835692,-0.1890638223304309,-0.4043506058895885,0.3614320532982047
walk_forward,lightgbm_financial,2024-11-12,5,5,0.0,8,5,"000661,300122,600276,300142,688185","长春高新,智飞生物,恒瑞医药,沃森生物,康希诺",0.9407578631205404,-0.0596486878151589,0.0,0.0,-0.0596486878151589,-0.0613669874397846,0.0017182996246257,-0.2374351012302613,-0.4409038147764774,0.3639243459779122
walk_forward,lightgbm_financial,2024-11-19,5,5,0.0,8,5,"300142,300122,000661,000538,300760","沃森生物,智飞生物,长春高新,云南白药,迈瑞医疗",0.9242663967282128,-0.0368982994354879,0.8,0.0008,-0.037698299435488,-0.0317502398028364,-0.0059480596326515,-0.2661825011230755,-0.4586552527301754,0.3555456159458492
walk_forward,lightgbm_financial,2024-11-26,5,5,0.0,8,5,"300142,300122,000661,000538,600276","沃森生物,智飞生物,长春高新,云南白药,恒瑞医药",0.8720677476179297,0.0214035235136105,0.4,0.0004,0.0210035235136105,0.0270290163470621,-0.0060254928334516,-0.2507697480307151,-0.4440232367068231,0.3475927438611346
walk_forward,lightgbm_financial,2024-12-03,5,5,0.0,8,5,"300142,300122,000661,688185,000538","沃森生物,智飞生物,长春高新,康希诺,云南白药",0.887173022059153,-0.0003652278245103,0.4,0.0004,-0.0007652278245103,0.0114735609709864,-0.0122387887954967,-0.2513430798664868,-0.4376442034147272,0.331286926674349
walk_forward,lightgbm_financial,2024-12-10,5,5,0.0,8,5,"300122,300142,000661,688185,000538","智飞生物,沃森生物,长春高新,康希诺,云南白药",0.8659842659881252,-0.0513284131288242,0.0,0.0,-0.0513284131288242,-0.0468505095459699,-0.0044779035828542,-0.2897704515548529,-0.463990859030877,0.3250325305292882
walk_forward,lightgbm_financial,2024-12-17,5,5,0.0,8,5,"300142,300122,000661,688185,600276","沃森生物,智飞生物,长春高新,康希诺,恒瑞医药",0.8708817039917409,-0.0178642481912688,0.4,0.0004,-0.0182642481912688,-0.0045994062628284,-0.0136648419284403,-0.3027422603004278,-0.4664561828307836,0.3068425071420759
walk_forward,lightgbm_financial,2024-12-24,5,5,0.0,8,5,"300142,000661,688185,300122,600276","沃森生物,长春高新,康希诺,智飞生物,恒瑞医药",0.9216126165341354,-0.0271051718818934,0.0,0.0,-0.0271051718818934,-0.0209034386828825,-0.0062017331990108,-0.3216415511809652,-0.4776090832976114,0.298564785737847
walk_forward,lightgbm_financial,2024-12-31,5,5,0.0,8,5,"300142,300122,000661,688185,600276","沃森生物,智飞生物,长春高新,康希诺,恒瑞医药",0.9092998008509522,-0.0538696309036944,0.0,0.0,-0.0538696309036944,-0.0544194827076587,0.0005498518039642,-0.3581844704392494,-0.506037326755735,0.2993198966744037
walk_forward,lightgbm_financial,2025-01-08,5,5,0.0,8,5,"300122,000661,000538,603259,300760","智飞生物,长春高新,云南白药,药明康德,迈瑞医疗",0.971604348246592,-0.0004723970696626,1.2,0.0012,-0.0016723970696625,0.0023739217664607,-0.0040463188361233,-0.3592578408501508,-0.5048646980139013,0.294074885348891
walk_forward,lightgbm_financial,2025-01-15,5,5,0.0,8,5,"300122,000661,000538,300760,688185","智飞生物,长春高新,云南白药,迈瑞医疗,康希诺",0.9225772214494118,-0.0190815495102128,0.4,0.0004,-0.0194815495102128,-0.0094056664758205,-0.0100758830343922,-0.3717404909469093,-0.5095217755247872,0.2809121337145945
walk_forward,lightgbm_financial,2025-01-22,5,5,0.0,8,5,"300122,300760,000538,000661,688185","智飞生物,迈瑞医疗,云南白药,长春高新,康希诺",0.8931664533958055,0.0350947794038735,0.0,0.0,0.0350947794038735,0.0330945942169173,0.0020001851869561,-0.3496918620683051,-0.4932895977135458,0.2833921210168129
walk_forward,lightgbm_financial,2025-02-06,5,5,0.0,8,5,"300122,600276,300142,603259,000661","智飞生物,恒瑞医药,沃森生物,药明康德,长春高新",0.9014017906279652,0.0084790377712586,1.2,0.0012,0.0072790377712586,0.0123217745545982,-0.0050427367833395,-0.3449582445693435,-0.4870460263721023,0.2769990858981646
walk_forward,lightgbm_financial,2025-02-13,5,5,0.0,8,5,"300122,600276,603259,000661,000538","智飞生物,恒瑞医药,药明康德,长春高新,云南白药",0.8890856524960207,0.0453793541535345,0.4,0.0004,0.0449793541535345,0.0381781715607017,0.0068011825928328,-0.3154948894664751,-0.4674623815641928,0.2853648021037149
walk_forward,lightgbm_financial,2025-02-20,5,5,0.0,8,5,"000538,688185,603259,300142,600276","云南白药,康希诺,药明康德,沃森生物,恒瑞医药",0.8743116190388142,0.0097089935805513,0.8,0.0008,0.0089089935805513,0.0052620479956919,0.0036469455848593,-0.3093966378308773,-0.4646601430564721,0.2900279200432729
walk_forward,lightgbm_financial,2025-02-27,5,5,0.0,8,5,"000538,300122,603259,000661,300142","云南白药,智飞生物,药明康德,长春高新,沃森生物",0.959110668870126,-0.0072666650030072,0.8,0.0008,-0.0080666650030072,-0.0184795432766312,0.0104128782736239,-0.3149675038034462,-0.4745529791105656,0.3037137312853843
walk_forward,lightgbm_financial,2025-03-06,5,5,0.0,8,5,"300122,000538,603259,688185,600276","智飞生物,云南白药,药明康德,康希诺,恒瑞医药",0.9609866537626928,-0.0314883387645233,0.8,0.0008,-0.0322883387645233,-0.0277694775488631,-0.0045188612156602,-0.3370860651053475,-0.4891443683602717,0.2976541587040007
walk_forward,lightgbm_financial,2025-03-13,5,5,0.0,8,5,"300122,600276,603259,688185,300142","智飞生物,恒瑞医药,药明康德,康希诺,沃森生物",0.930921777472477,0.0456696220647056,0.4,0.0004,0.0452696220647056,0.034532385037944,0.0107372370267615,-0.3070762018112397,-0.4715033049896866,0.3111222922127037
walk_forward,lightgbm_financial,2025-03-20,5,5,0.0,8,5,"300122,688185,300760,300142,600276","智飞生物,康希诺,迈瑞医疗,沃森生物,恒瑞医药",0.8725464768578595,-0.0034326286091153,0.4,0.0004,-0.0038326286091153,-0.0057335179221855,0.0019008893130701,-0.3097319213841148,-0.474533450262344,0.3136289626057222
walk_forward,lightgbm_financial,2025-03-27,5,5,0.0,8,5,"688185,300760,300122,000661,300142","康希诺,迈瑞医疗,智飞生物,长春高新,沃森生物",0.9064389429057836,-0.000304740278129,0.4,0.0004,-0.000704740278129,-2.847737803664957e-05,-0.0006762629000923,-0.3102183811018222,-0.4745484141719266,0.312740578774983
walk_forward,lightgbm_financial,2025-04-03,5,5,0.0,8,5,"300760,603259,300122,000661,000538","迈瑞医疗,药明康德,智飞生物,长春高新,云南白药",0.797697166600043,-0.0729865005642966,0.8,0.0008,-0.0737865005642966,-0.0717247126619796,-0.002061787902317,-0.361114952913894,-0.5122362781832267,0.3098248568106934
walk_forward,lightgbm_financial,2025-04-11,5,5,0.0,8,5,"300760,300122,603259,000661,600276","迈瑞医疗,智飞生物,药明康德,长春高新,恒瑞医药",0.957937946861047,-0.0154205856761082,0.4,0.0004,-0.0158205856761082,-0.0161371800266523,0.0003165943505441,-0.3712224885385042,-0.5201074091726539,0.3102463415354435
walk_forward,lightgbm_financial,2025-04-18,5,5,0.0,8,5,"300122,600276,688185,300760,000661","智飞生物,恒瑞医药,康希诺,迈瑞医疗,长春高新",0.9140025469730354,-0.0161009871308392,0.4,0.0004,-0.0165009871308392,-0.0005479846574367,-0.0159530024734024,-0.3815979381632916,-0.5203703829496449,0.2893325179537107
walk_forward,lightgbm_financial,2025-04-25,5,5,0.0,8,5,"300122,000661,600276,300142,688185","智飞生物,长春高新,恒瑞医药,沃森生物,康希诺",0.7944980346678914,0.0208334246858989,0.4,0.0004,0.0204334246858989,0.019618914261715,0.0008145104241839,-0.3689618662071465,-0.5109605706153547,0.2903624858774354
walk_forward,lightgbm_financial,2025-05-07,5,5,0.0,8,5,"300122,300142,600276,000538,688185","智飞生物,沃森生物,恒瑞医药,云南白药,康希诺",0.8797195249522949,0.0038695829952392,0.4,0.0004,0.0034695829952392,0.019851538214091,-0.0163819552188517,-0.3667724270287913,-0.5012523856947282,0.2696352920971061
walk_forward,lightgbm_financial,2025-05-14,5,5,0.0,8,5,"688185,603259,600276,300142,300122","康希诺,药明康德,恒瑞医药,沃森生物,智飞生物",0.939093341786848,0.0379958183637228,0.4,0.0004,0.0375958183637228,0.0304617829534428,0.00713403541028,-0.3429657182124647,-0.4860596441192135,0.2784251601754755
walk_forward,lightgbm_financial,2025-05-21,5,5,0.0,8,5,"600276,300142,603259,000538,300122","恒瑞医药,沃森生物,药明康德,云南白药,智飞生物",0.7898754272253633,-0.0260296387338969,0.4,0.0004,-0.0264296387338969,-0.0227069884270456,-0.0037226503068512,-0.3603308969158947,-0.4977296818323903,0.2735554539988665
walk_forward,lightgbm_financial,2025-05-28,5,5,0.0,8,5,"000538,600276,300122,603259,688185","云南白药,恒瑞医药,智飞生物,药明康德,康希诺",0.8653587039557461,0.0307332942399224,0.4,0.0004,0.0303332942399224,0.0317381375249277,-0.0014048432850052,-0.3409276257958573,-0.4817885573996975,0.2718213455438623
walk_forward,lightgbm_financial,2025-06-05,5,5,0.0,8,5,"600276,000538,603259,300142,300122","恒瑞医药,云南白药,药明康德,沃森生物,智飞生物",0.8834160265615874,0.0170915009216088,0.4,0.0004,0.0166915009216088,0.0255354696068548,-0.008843968685246,-0.3299267186544219,-0.4685557848572531,0.2608534673118894
walk_forward,lightgbm_financial,2025-06-12,5,5,0.0,8,5,"600276,300122,300142,688185,603259","恒瑞医药,智飞生物,沃森生物,康希诺,药明康德",0.8190295911628125,-0.0472523836749196,0.4,0.0004,-0.0476523836749196,-0.0538702335251892,0.0062178498502696,-0.3618573077474137,-0.4971848088326038,0.2691396430783992
walk_forward,lightgbm_financial,2025-06-19,5,5,0.0,8,5,"688185,600276,000538,603259,300760","康希诺,恒瑞医药,云南白药,药明康德,迈瑞医疗",0.9125858264429684,0.0133463817526143,0.8,0.0008,0.0125463817526143,0.0136420320420882,-0.0010956502894739,-0.3538509259177717,-0.4903253878834495,0.2677678242573897
walk_forward,lightgbm_financial,2025-06-26,5,5,0.0,8,5,"600276,000661,688185,603259,300760","恒瑞医药,长春高新,康希诺,药明康德,迈瑞医疗",0.9246047181456096,0.039147016650406,0.4,0.0004,0.038747016650406,0.030459533555863,0.008287483094543,-0.3288145769856632,-0.4748009369331138,0.2779638621115718
walk_forward,lightgbm_financial,2025-07-03,5,5,0.0,8,5,"300760,688185,600276,300122,000538","迈瑞医疗,康希诺,恒瑞医药,智飞生物,云南白药",0.8999001336247516,0.0299983093683616,0.8,0.0008,0.0291983093683616,0.0141156018308568,0.0150827075375048,-0.3092170973609559,-0.4673874360769227,0.2969707239929295
walk_forward,lightgbm_financial,2025-07-10,5,5,0.0,8,5,"688185,300760,603259,300142,300122","康希诺,迈瑞医疗,药明康德,沃森生物,智飞生物",0.8803778471650203,0.0460612282807916,0.8,0.0008,0.0452612282807916,0.031067977809292,0.0141932504714996,-0.2779514147121423,-0.4508402407600104,0.3148242804373318
walk_forward,lightgbm_financial,2025-07-17,5,5,0.0,8,5,"300760,300122,300142,688185,600276","迈瑞医疗,智飞生物,沃森生物,康希诺,恒瑞医药",0.886591647712296,0.1030163949466683,0.4,0.0004,0.1026163949466683,0.0786522440595031,0.0239641508871651,-0.2038573919135604,-0.4076475933486086,0.3440354072115419
walk_forward,lightgbm_financial,2025-07-24,5,5,0.0,8,5,"600276,603259,688185,000661,300122","恒瑞医药,药明康德,康希诺,长春高新,智飞生物",0.8730586247648041,0.0614968472053222,0.8,0.0008,0.0606968472053222,0.0289615274114952,0.031735319793827,-0.1555340456768911,-0.3904921628861093,0.3854882626641513
walk_forward,lightgbm_financial,2025-07-31,5,5,0.0,8,5,"300142,300122,603259,600276,688185","沃森生物,智飞生物,药明康德,恒瑞医药,康希诺",0.9126433162569274,-0.0023605149756828,0.4,0.0004,-0.0027605149756828,-0.0035196630600429,0.00075914808436,-0.1578652065902543,-0.3926374251052057,0.386543768449378
walk_forward,lightgbm_financial,2025-08-07,5,5,0.0,8,5,"300122,603259,000661,000538,300142","智飞生物,药明康德,长春高新,云南白药,沃森生物",0.8830132736190333,0.0018482150141969,0.8,0.0008,0.0010482150141969,0.0037537895731246,-0.0027055745589277,-0.1569824682558245,-0.3903575138044596,0.3828064001985927
walk_forward,lightgbm_financial,2025-08-14,5,5,0.0,8,5,"300122,603259,300760,300142,688185","智飞生物,药明康德,迈瑞医疗,沃森生物,康希诺",0.8416026429013226,0.0134993747364866,0.8,0.0008,0.0126993747364866,0.0164021498708019,-0.0037027751343153,-0.1462766727107772,-0.3803580663782719,0.3777688064126305
walk_forward,lightgbm_financial,2025-08-21,5,5,0.0,8,5,"300122,300142,603259,600276,300760","智飞生物,沃森生物,药明康德,恒瑞医药,迈瑞医疗",0.6865286960445717,-0.0042888250685293,0.4,0.0004,-0.0046888250685293,-0.0123590513565582,0.0076702262880289,-0.1502796320493592,-0.38801625285858,0.3884688472850628
walk_forward,lightgbm_financial,2025-08-28,5,5,0.0,8,5,"300122,688185,000538,300142,603259","智飞生物,康希诺,云南白药,沃森生物,药明康德",0.8524720019124382,-0.0064328023517027,0.8,0.0008,-0.0072328023517027,0.0215315209580494,-0.0287643233097521,-0.1564254915249623,-0.3748393119810189,0.3493722888241257
walk_forward,lightgbm_financial,2025-09-04,5,5,0.0,8,5,"300122,000538,603259,300760,300142","智飞生物,云南白药,药明康德,迈瑞医疗,沃森生物",0.7891555650738191,0.0315802511683807,0.4,0.0004,0.0311802511683807,0.0326258128389132,-0.0014455616705324,-0.1301226264714673,-0.3544429363794654,0.3474833171988278
walk_forward,lightgbm_financial,2025-09-11,5,5,0.0,8,5,"603259,000661,300122,000538,300142","药明康德,长春高新,智飞生物,云南白药,沃森生物",0.5641973594214853,0.0112298149251462,0.4,0.0004,0.0108298149251462,0.0049912204075542,0.0058385945175919,-0.120702015508581,-0.3512208187892819,0.3553116529579734
walk_forward,lightgbm_financial,2025-09-18,5,5,0.0,8,5,"000538,300122,603259,300760,688185","云南白药,智飞生物,药明康德,迈瑞医疗,康希诺",0.7943983079716889,-0.0189575780638742,0.8,0.0008,-0.0197575780638742,-0.0230656929077768,0.0033081148439026,-0.1380748140785775,-0.3661853601480472,0.359901036875311
walk_forward,lightgbm_financial,2025-09-25,5,5,0.0,8,5,"300142,300122,603259,688185,000538","沃森生物,智飞生物,药明康德,康希诺,云南白药",0.6095192172972066,-0.0096985720973415,0.4,0.0004,-0.0100985720973415,-0.0006378647136305,-0.009460707383711,-0.1467790277111196,-0.3665896481417912,0.3470271993279279
walk_forward,lightgbm_financial,2025-10-10,5,5,0.0,8,5,"300122,300142,603259,300760,000538","智飞生物,沃森生物,药明康德,迈瑞医疗,云南白药",0.772296728189899,-0.0437465756150714,0.4,0.0004,-0.0441465756150714,-0.0527380433408377,0.0085914677257663,-0.1844458118806354,-0.3999944707306246,0.3592444541510509
walk_forward,lightgbm_financial,2025-10-17,5,5,0.0,8,5,"300122,000661,603259,600276,300142","智飞生物,长春高新,药明康德,恒瑞医药,沃森生物",0.918209967646049,0.0124946369923875,0.8,0.0008,0.0116946369923875,0.0071946796606879,0.0044999573316996,-0.174908201702958,-0.39567762315289,0.3653173039888697
walk_forward,lightgbm_financial,2025-10-24,5,5,0.0,8,5,"300122,300142,300760,603259,000661","智飞生物,沃森生物,迈瑞医疗,药明康德,长春高新",0.7522627172297025,-0.0045558828134371,0.4,0.0004,-0.0049558828134371,0.0029826146057527,-0.0079384974191898,-0.1789972599656463,-0.3938751624051225,0.3545109672326225
walk_forward,lightgbm_financial,2025-10-31,5,5,0.0,8,5,"300122,300760,000661,603259,600276","智飞生物,迈瑞医疗,长春高新,药明康德,恒瑞医药",0.9231958855461302,-0.0349727637171689,0.4,0.0004,-0.0353727637171689,-0.0304971236835974,-0.0048756400335715,-0.2080383959000297,-0.4123602265449538,0.3476991175114095
walk_forward,lightgbm_financial,2025-11-07,5,5,0.0,8,5,"300760,000661,603259,600276,000538","迈瑞医疗,长春高新,药明康德,恒瑞医药,云南白药",0.9443393516256277,0.0103107053596882,0.4,0.0004,0.0099107053596882,0.0150915300290099,-0.0051808246693216,-0.2001894977856088,-0.4034918432576164,0.3408207300672481
walk_forward,lightgbm_financial,2025-11-14,5,5,0.0,8,5,"000661,603259,300122,300760,300142","长春高新,药明康德,智飞生物,迈瑞医疗,沃森生物",0.8957256263154945,-0.0524934761077074,0.8,0.0008,-0.0532934761077074,-0.0556414539508427,0.0023479778431352,-0.2428141796760649,-0.4366824243922999,0.3441544398949248
walk_forward,lightgbm_financial,2025-11-21,5,5,0.0,8,5,"300760,000661,300122,600276,603259","迈瑞医疗,长春高新,智飞生物,恒瑞医药,药明康德",0.9450742126814856,0.0209198992216323,0.4,0.0004,0.0205198992216323,0.0177084433875249,0.0028114558341073,-0.2272768029509688,-0.4267069469954531,0.3478677144251083
walk_forward,lightgbm_financial,2025-11-28,5,5,0.0,8,5,"688185,300122,300142,000538,603259","康希诺,智飞生物,沃森生物,云南白药,药明康德",0.8483782588635649,-0.0208842165267602,1.2,0.0012,-0.0220842165267602,-0.0143892646250922,-0.007694951901668,-0.24434178934985,-0.4349562124428625,0.3373445161075015
walk_forward,lightgbm_financial,2025-12-05,5,5,0.0,8,5,"300122,688185,300142,603259,000538","智飞生物,康希诺,沃森生物,药明康德,云南白药",0.9158024827164164,-0.0088626566171328,0.0,0.0,-0.0088626566171328,-0.0113932147500033,0.0025305581328704,-0.2510389285907595,-0.4413938776576563,0.3407677457395235
walk_forward,lightgbm_financial,2025-12-12,5,5,0.0,8,5,"300122,300142,688185,000661,603259","智飞生物,沃森生物,康希诺,长春高新,药明康德",0.9016986970105564,-0.0047829529129582,0.4,0.0004,-0.0051829529129582,-0.0072194471428449,0.0020364942298867,-0.2549207585575123,-0.4454267050315764,0.3435180673186062
walk_forward,lightgbm_financial,2025-12-19,5,5,0.0,8,5,"300122,600276,300142,688185,603259","智飞生物,恒瑞医药,沃森生物,康希诺,药明康德",0.8871489271630782,0.0023809738564566,0.4,0.0004,0.0019809738564566,0.0009188127785099,0.0010621610779466,-0.2534447760592261,-0.444917156001539,0.3449437899450622
walk_forward,lightgbm_financial,2025-12-26,5,5,0.0,8,5,"300122,300142,600276,688185,603259","智飞生物,沃森生物,恒瑞医药,康希诺,药明康德",0.8888554863576473,0.0234601007763762,0.0,0.0,0.0234601007763762,0.0207987259825036,0.0026613747938726,-0.2359305152704455,-0.4333721400316263,0.3484502593504686
walk_forward,lightgbm_financial,2026-01-06,5,5,0.0,8,5,"300122,000538,603259,300760,688185","智飞生物,云南白药,药明康德,迈瑞医疗,康希诺",0.5235048890156908,0.0385174709825843,0.8,0.0008,0.0377174709825843,0.0474157441218231,-0.0096982731392387,-0.2071117466514802,-0.4065050584110695,0.3359646355633037
walk_forward,lightgbm_financial,2026-01-13,5,5,0.0,8,5,"000538,603259,300122,300760,300142","云南白药,药明康德,智飞生物,迈瑞医疗,沃森生物",0.3540525476487125,-0.0573406823978125,0.4,0.0004,-0.0577406823978125,-0.0552218924374484,-0.002518789960364,-0.2528936554650334,-0.4392789722376632,0.3324029375471
walk_forward,lightgbm_financial,2026-01-20,5,5,0.0,8,5,"000538,300122,603259,300142,300760","云南白药,智飞生物,药明康德,沃森生物,迈瑞医疗",0.5575721908693139,0.0298163042536431,0.0,0.0,0.0298163042536431,0.0286915232514614,0.0011247810021817,-0.2306177053865515,-0.4231910318320367,0.3338597994707479
walk_forward,lightgbm_financial,2026-01-27,5,5,0.0,8,5,"000538,600276,300760,603259,300122","云南白药,恒瑞医药,迈瑞医疗,药明康德,智飞生物",0.5862628889302204,-0.0234909586947888,0.4,0.0004,-0.0238909586947888,-0.0476716950271126,0.0237807363323238,-0.2489989860076633,-0.4506884930514434,0.3671678173358716
walk_forward,lightgbm_financial,2026-02-03,5,5,0.0,8,5,"000538,600276,300760,603259,300122","云南白药,恒瑞医药,迈瑞医疗,药明康德,智飞生物",0.580486063394608,0.0270463913873775,0.0,0.0,0.0270463913873775,0.0109054318820871,0.0161409595052903,-0.2286871186509091,-0.4446980138303693,0.3889971593104915
walk_forward,lightgbm_financial,2026-02-10,5,5,0.0,8,5,"000538,603259,600276,000661,300760","云南白药,药明康德,恒瑞医药,长春高新,迈瑞医疗",0.3021780476217213,0.0068934116717656,0.4,0.0004,0.0064934116717656,0.0055464048441432,0.0009470068276224,-0.2236786665845738,-0.4416180842043158,0.3903052936612072
walk_forward,lightgbm_financial,2026-02-25,5,5,0.0,8,5,"600276,300760,000538,603259,300122","恒瑞医药,迈瑞医疗,云南白药,药明康德,智飞生物",0.605190547056604,-0.0711788737755029,0.4,0.0004,-0.0715788737755029,-0.0607005082112513,-0.0108783655642515,-0.2792468733183466,-0.475512150269086,0.3742036675424078
walk_forward,lightgbm_financial,2026-03-04,5,5,0.0,8,5,"000538,300760,600276,300122,603259","云南白药,迈瑞医疗,恒瑞医药,智飞生物,药明康德",0.7259064896384069,0.029628336259325,0.0,0.0,0.029628336259325,0.0336374329384067,-0.0040090966790817,-0.2578921573210627,-0.4578697253967532,0.3688736406061113
walk_forward,lightgbm_financial,2026-03-11,5,5,0.0,8,5,"603259,300760,000538,300122,688185","药明康德,迈瑞医疗,云南白药,智飞生物,康希诺",0.6484638470441688,0.0021750042609847,0.4,0.0004,0.0017750042609847,0.0084931348475273,-0.0067181305865425,-0.2565749127381974,-0.4532653398696208,0.3597548161379029
walk_forward,lightgbm_financial,2026-03-18,5,5,0.0,7,5,"300760,000538,603259,000661,600276","迈瑞医疗,云南白药,药明康德,长春高新,恒瑞医药",0.480684878825673,-0.0324683774983353,0.8,0.0008,-0.0332683774983353,-0.0430917896210721,0.0098234121227367,-0.2813074591829559,-0.4768251148225075,0.3737137641330397
walk_forward,lightgbm_financial,2026-03-25,5,5,0.0,8,5,"000538,603259,300760,300122,600276","云南白药,药明康德,迈瑞医疗,智飞生物,恒瑞医药",0.5867572651188684,0.0454721261165438,0.4,0.0004,0.0450721261165438,0.0461460693303697,-0.0010739432138259,-0.2489144583442307,-0.4526826502991987,0.3723035494240421
walk_forward,lightgbm_financial,2026-04-01,5,5,0.0,8,5,"000538,300760,603259,688185,300142","云南白药,迈瑞医疗,药明康德,康希诺,沃森生物",0.4599648396116174,-0.0215755817019156,0.8,0.0008,-0.0223755817019156,-0.0224400230482607,6.444134634511073e-05,-0.2657204342466769,-0.4649644642411977,0.3723940125060057
walk_forward,lightgbm_financial,2026-04-09,5,5,0.0,8,5,"000538,300760,603259,300122,600276","云南白药,迈瑞医疗,药明康德,智飞生物,恒瑞医药",0.4308512259757456,0.0083694066547127,0.8,0.0008,0.0075694066547127,0.0194951500811612,-0.0119257434264484,-0.2601623736152441,-0.4545338661728253,0.3563401657840885
walk_forward,lightgbm_financial,2026-04-16,5,5,0.0,8,5,"688185,603259,300122,300142,000661","康希诺,药明康德,智飞生物,沃森生物,长春高新",0.5549166949524194,-0.0530363126226288,1.2,0.0012,-0.0542363126226288,-0.0379004254788662,-0.0163358871437625,-0.3002884384098314,-0.4752072647291874,0.3333103043606182
walk_forward,lightgbm_financial,2026-04-23,5,5,0.0,8,5,"000538,603259,300760,300122,300142","云南白药,药明康德,迈瑞医疗,智飞生物,沃森生物",0.7236578383178282,0.0503807004169561,0.8,0.0008,0.0495807004169561,0.0164582452010692,0.0331224552158869,-0.2655962490963487,-0.4665700972123605,0.3767577465487912
walk_forward,lightgbm_financial,2026-04-30,5,5,0.0,8,5,"000538,600276,300122,300760,603259","云南白药,恒瑞医药,智飞生物,迈瑞医疗,药明康德",0.6844450481598041,0.0112498694728387,0.4,0.0004,0.0108498694728387,0.0442401916291628,-0.033390322156324,-0.2576280642586809,-0.4429710560923097,0.3327349392895165
walk_forward,lightgbm_financial,2026-05-12,5,5,0.0,8,5,"000538,600276,603259,300760,300122","云南白药,恒瑞医药,药明康德,迈瑞医疗,智飞生物",0.6664220535406374,-0.0564754686130162,0.0,0.0,-0.0564754686130162,-0.0543049723675025,-0.0021704962455137,-0.2995538672148239,-0.4732204974991159,0.3296761348150605
walk_forward,lightgbm_financial,2026-05-19,5,5,0.0,8,5,"000538,600276,300142,603259,300122","云南白药,恒瑞医药,沃森生物,药明康德,智飞生物",0.5899053006047107,-0.0370788196358756,0.4,0.0004,-0.0374788196358756,-0.0399248271553837,0.002446007519508,-0.3258057614901262,-0.4942520780854627,0.333063783945317
walk_forward,lightgbm_financial,2026-05-26,5,5,0.0,8,5,"000538,300122,300760,600276,603259","云南白药,智飞生物,迈瑞医疗,恒瑞医药,药明康德",0.7632861333278207,-0.0121907275960059,0.4,0.0004,-0.0125907275960059,-0.047514960254282,0.0349242326582761,-0.3342943574940007,-0.5182826704939176,0.3819424831333453
walk_forward,lightgbm_financial,2026-06-02,5,5,0.0,8,5,"300760,300142,300122,000538,000661","迈瑞医疗,沃森生物,智飞生物,云南白药,长春高新",0.7607946912645626,-0.053533578351464,0.8,0.0008,-0.054333578351464,-0.0565727321181384,0.0022391537666744,-0.3704645271801121,-0.5455347359327303,0.3852224198298781
